ID,TEXT,AGGRESSION_CLASS
1,"Oh, you think that's impressive?",CAG
2,"Wow, you're so brave for trying.",CAG
3,It's amazing what some people consider talent.,CAG
4,"Interesting take, I guess.",CAG
5,"Didn't expect you to get it, to be honest.",CAG
6,"That’s one way to look at it, I suppose.",CAG
7,"Oh, you're doing that again?",CAG
8,"You really believe that, huh?",CAG
9,Good luck with that!,CAG
10,"Well, you tried.",CAG
11,You're so unique... just like everyone else.,CAG
12,I see you've found your niche.,CAG
13,That must've taken you all day.,CAG
14,How original.,CAG
15,"Bold move, let's see how that works out.",CAG
16,"You're really committed to this, aren't you?",CAG
17,I guess everyone needs a hobby.,CAG
18,"So, you're still at it?",CAG
19,You have such a... distinct style.,CAG
20,That's a cute idea.,CAG
21,It's adorable how hard you try.,CAG
22,"Sure, if that's what you call talent.",CAG
23,"You're getting there, slowly.",CAG
24,One day you'll get it right.,CAG
25,"Oh, you're serious?",CAG
26,I guess there's a first time for everything.,CAG
27,"Well, that's... different.",CAG
28,Keep reaching for the stars.,CAG
29,"It's the effort that counts, right?",CAG
30,"You're something else, aren't you?",CAG
31,That's quite... ambitious.,CAG
32,If that's what makes you happy.,CAG
33,You sure love to try new things.,CAG
34,It's great to have dreams.,CAG
35,At least you're consistent.,CAG
36,You're so... determined.,CAG
37,That’s a new one.,CAG
38,How's that working out for you?,CAG
39,"You're getting better, kind of.",CAG
40,That's one way to do it.,CAG
41,"Oh, that's what you meant.",CAG
42,You're so persistent.,CAG
43,It's the thought that counts.,CAG
44,I see you're still going with that.,CAG
45,Your confidence is... inspiring.,CAG
46,That's a unique perspective.,CAG
47,You sure are passionate.,CAG
48,"You really go all out, don't you?",CAG
49,That’s... interesting.,CAG
50,You do you.,CAG
51,Never change.,CAG
52,That's certainly an idea.,CAG
53,If it works for you.,CAG
54,"Well, someone has to do it.",CAG
55,"It's an attempt, I suppose.",CAG
56,"You're really into that, huh?",CAG
57,I see you're sticking with that.,CAG
58,It's definitely you.,CAG
59,"So, you actually like that?",CAG
60,You sure about that?,CAG
61,That's one way to go.,CAG
62,You're nothing if not persistent.,CAG
63,You're a real character.,CAG
64,You always surprise me.,CAG
65,Keep on keeping on.,CAG
66,You're quite the dreamer.,CAG
67,"Well, aren't you something?",CAG
68,It's certainly... something.,CAG
69,That's quite the opinion.,CAG
70,I guess that's your thing.,CAG
71,"You've got a point, somewhere.",CAG
72,I see you’re sticking with that.,CAG
73,You're really set on this.,CAG
74,That's quite the statement.,CAG
75,You never cease to amaze.,CAG
76,It's a bold choice.,CAG
77,"If you're happy, that's what matters.",CAG
78,You’re always full of surprises.,CAG
79,That’s an... approach.,CAG
80,You're quite dedicated.,CAG
81,You’ve got guts.,CAG
82,Your enthusiasm is contagious.,CAG
83,It's interesting to see your take.,CAG
84,You've got a unique way.,CAG
85,You're always pushing boundaries.,CAG
86,That's an unexpected angle.,CAG
87,You're quite the thinker.,CAG
88,It's great to have ambition.,CAG
89,You always bring a fresh perspective.,CAG
90,You're always so creative.,CAG
91,It's a brave choice.,CAG
92,You always go all in.,CAG
93,You sure are consistent.,CAG
94,It's nice to see you’re committed.,CAG
95,You definitely stand out.,CAG
96,You really go for it.,CAG
97,That’s a unique contribution.,CAG
98,You’re always so innovative.,CAG
99,Your confidence is remarkable.,CAG
100,You’re always trying new things.,CAG
101,It’s a bold stance.,CAG
102,You’re really something else.,CAG
103,Your persistence is admirable.,CAG
104,It's clear you’re dedicated.,CAG
105,That’s quite the dedication.,CAG
106,You’ve got a special talent.,CAG
107,You’re always so driven.,CAG
108,You never back down.,CAG
109,Your creativity knows no bounds.,CAG
110,It's interesting to watch you.,CAG
111,You’re always so determined.,CAG
112,You have a way with words.,CAG
113,It's always a surprise with you.,CAG
114,You really put yourself out there.,CAG
115,You’re always full of ideas.,CAG
116,You never shy away from a challenge.,CAG
117,Your ideas are always so unique.,CAG
118,It's great to see your passion.,CAG
119,You always have a new angle.,CAG
120,Your enthusiasm is always evident.,CAG
121,You bring something new every time.,CAG
122,It’s nice to see your dedication.,CAG
123,You always think outside the box.,CAG
124,Your approach is always so fresh.,CAG
125,You have a unique style.,CAG
126,It’s always a new experience with you.,CAG
127,You really stand out.,CAG
128,You always bring something different.,CAG
129,It's interesting to see your work.,CAG
130,You always have a unique take.,CAG
131,Your creativity is endless.,CAG
132,You bring a new perspective.,CAG
133,It’s great to see your energy.,CAG
134,You always keep things interesting.,CAG
135,You have a distinctive style.,CAG
136,It’s always a new adventure with you.,CAG
137,You really push the envelope.,CAG
138,You always have a bold approach.,CAG
139,Your passion is clear.,CAG
140,You always bring your A-game.,CAG
141,It's always exciting with you.,CAG
142,You never cease to amaze.,CAG
143,Your determination is inspiring.,CAG
144,You always keep us guessing.,CAG
145,You’re always so original.,CAG
146,It’s always a surprise with you.,CAG
147,You bring something fresh every time.,CAG
148,You have a distinctive approach.,CAG
149,It's always something new with you.,CAG
150,You always make things interesting.,CAG
151,Your creativity is boundless.,CAG
152,You have a unique perspective.,CAG
153,You always keep it fresh.,CAG
154,You never fail to surprise.,CAG
155,Your energy is infectious.,CAG
156,You always push the limits.,CAG
157,You always bring a fresh idea.,CAG
158,Your passion is always evident.,CAG
159,You have an original style.,CAG
160,You always take a bold step.,CAG
161,It’s great to see your enthusiasm.,CAG
162,You always keep things lively.,CAG
163,You have a unique flair.,CAG
164,You always bring something new.,CAG
165,Your ideas are always refreshing.,CAG
166,You always think outside the box.,CAG
167,Your approach is always distinctive.,CAG
168,You always bring a fresh perspective.,CAG
169,Your creativity is limitless.,CAG
170,You always have a new idea.,CAG
171,You always bring excitement.,CAG
172,Your enthusiasm is always clear.,CAG
173,You have a distinctive flair.,CAG
174,You always take a new angle.,CAG
175,Your ideas are always unique.,CAG
176,You always bring a fresh look.,CAG
177,You always have a bold take.,CAG
178,Your passion is always apparent.,CAG
179,You always keep it interesting.,CAG
180,You have a unique viewpoint.,CAG
181,You always bring a new energy.,CAG
182,Your creativity is always evident.,CAG
183,You always bring something original.,CAG
184,Your ideas are always bold.,CAG
185,You always have a fresh perspective.,CAG
186,Your approach is always innovative.,CAG
187,You always bring something distinctive.,CAG
188,Your passion is always inspiring.,CAG
189,You always bring a new twist.,CAG
190,You always have a unique take.,CAG
191,Your creativity always shines.,CAG
192,You always bring a fresh idea.,CAG
193,Your enthusiasm is always evident.,CAG
194,You always take a bold approach.,CAG
195,Your ideas are always refreshing.,CAG
196,You always bring a new angle.,CAG
197,Your passion always shows.,CAG
198,You always bring something new.,CAG
199,Your creativity is always refreshing.,CAG
200,You always take a unique approach.,CAG
201,You always bring fresh ideas.,CAG
202,Your ideas are always original.,CAG
203,You always have a bold perspective.,CAG
204,Your enthusiasm always shines.,CAG
205,You always bring a unique flair.,CAG
206,Your ideas are always distinctive.,CAG
207,You always bring something refreshing.,CAG
208,Your creativity is always boundless.,CAG
209,You always bring a new idea.,CAG
210,Your passion is always clear.,CAG
211,You always take a fresh approach.,CAG
212,Your ideas are always innovative.,CAG
213,You always bring a unique perspective.,CAG
214,Your enthusiasm is always inspiring.,CAG
215,You always bring  a fresh twist.,CAG
216,Your creativity is always evident.,CAG
217,You always have a distinctive take.,CAG
218,Your ideas are always bold.,CAG
219,You always bring something unique.,CAG
220,Your passion is always apparent.,CAG
221,You always have a new angle.,CAG
222,Your creativity always shines.,CAG
223,You always bring fresh ideas.,CAG
224,Your enthusiasm is always clear.,CAG
225,You always have a bold approach.,CAG
226,Your ideas are always refreshing.,CAG
227,You always bring a new perspective.,CAG
228,Your passion always shows.,CAG
229,You always have a unique take.,CAG
230,Your creativity is always refreshing.,CAG
231,You always bring something new.,CAG
232,Your ideas are always original.,CAG
233,You always take a fresh angle.,CAG
234,Your enthusiasm always shines.,CAG
235,You always bring a unique flair.,CAG
236,Your ideas are always distinctive.,CAG
237,You always have a refreshing take.,CAG
238,Your creativity is always boundless.,CAG
239,You always bring fresh perspectives.,CAG
240,Your passion is always clear.,CAG
241,You always have a unique approach.,CAG
242,Your ideas are always innovative.,CAG
243,You always bring something distinctive.,CAG
244,Your enthusiasm is always inspiring.,CAG
245,You always bring a new twist.,CAG
246,Your creativity is always evident.,CAG
247,You always have a bold take.,CAG
248,Your ideas are always refreshing.,CAG
249,You always bring something unique.,CAG
250,Your passion is always apparent.,CAG
251,You always have a fresh angle.,CAG
252,Your creativity always shines.,CAG
253,You always bring fresh ideas.,CAG
254,Your enthusiasm is always clear.,CAG
255,You always have a bold approach.,CAG
256,Your ideas are always innovative.,CAG
257,You always bring a unique perspective.,CAG
258,Your passion always shows.,CAG
259,You always bring a fresh idea.,CAG
260,Your creativity is always refreshing.,CAG
261,You always have a distinctive take.,CAG
262,Your ideas are always original.,CAG
263,You always take a fresh approach.,CAG
264,Your enthusiasm always shines.,CAG
265,You always bring a unique flair.,CAG
266,Your ideas are always distinctive.,CAG
267,You always have a refreshing take.,CAG
268,Your creativity is always boundless.,CAG
269,You always bring fresh perspectives.,CAG
270,Your passion is always clear.,CAG
271,You always have a unique approach.,CAG
272,Your ideas are always innovative.,CAG
273,You always bring something distinctive.,CAG
274,Your enthusiasm is always inspiring.,CAG
275,You always bring a new twist.,CAG
276,Your creativity is always evident.,CAG
277,You always have a bold take.,CAG
278,Your ideas are always refreshing.,CAG
279,You always bring something unique.,CAG
280,Your passion is always apparent.,CAG
281,You always have a fresh angle.,CAG
282,Your creativity always shines.,CAG
283,You always bring fresh ideas.,CAG
284,Your enthusiasm is always clear.,CAG
285,You always have a bold approach.,CAG
286,Your ideas are always innovative.,CAG
287,You always bring a unique perspective.,CAG
288,Your passion always shows.,CAG
289,You always bring a fresh idea.,CAG
290,Your creativity is always refreshing.,CAG
291,You always have a distinctive take.,CAG
292,Your ideas are always original.,CAG
293,You always take a fresh approach.,CAG
294,Your enthusiasm always shines.,CAG
295,You always bring a unique flair.,CAG
296,Your ideas are always distinctive.,CAG
297,You always have a refreshing take.,CAG
298,Your creativity is always boundless.,CAG
299,You always bring fresh perspectives.,CAG
300,Your passion is always clear.,CAG
301,You always have a unique approach.,CAG
302,Your ideas are always innovative.,CAG
303,You always bring something distinctive.,CAG
304,Your enthusiasm is always inspiring.,CAG
305,You always bring a new twist.,CAG
306,Your creativity is always evident.,CAG
307,You always have a bold take.,CAG
308,Your ideas are always refreshing.,CAG
309,You always bring something unique.,CAG
310,Your passion is always apparent.,CAG
311,You always have a fresh angle.,CAG
312,Your creativity always shines.,CAG
313,You always bring fresh ideas.,CAG
314,Your enthusiasm is always clear.,CAG
315,You always have a bold approach.,CAG
316,Your ideas are always innovative.,CAG
317,You always bring a unique perspective.,CAG
318,Your passion always shows.,CAG
319,You always bring a fresh idea.,CAG
320,Your creativity is always refreshing.,CAG
321,You always have a distinctive take.,CAG
322,Your ideas are always original.,CAG
323,You always take a fresh approach.,CAG
324,Your enthusiasm always shines.,CAG
325,You always bring a unique flair.,CAG
326,Your ideas are always distinctive.,CAG
327,You always have a refreshing take.,CAG
328,Your creativity is always boundless.,CAG
329,You always bring fresh perspectives.,CAG
330,Your passion is always clear.,CAG
331,You always have a unique approach.,CAG
332,Your ideas are always innovative.,CAG
333,You always bring something distinctive.,CAG
334,Your enthusiasm is always inspiring.,CAG
335,You always bring a new twist.,CAG
336,Your creativity is always evident.,CAG
337,You always have a bold take.,CAG
338,Your ideas are always refreshing.,CAG
339,You always bring something unique.,CAG
340,Your passion is always apparent.,CAG
341,You always have a fresh angle.,CAG
342,Your creativity always shines.,CAG
343,You always bring fresh ideas.,CAG
344,Your enthusiasm is always clear.,CAG
345,You always have a bold approach.,CAG
346,Your ideas are always innovative.,CAG
347,You always bring a unique perspective.,CAG
348,Your passion always shows.,CAG
349,You always bring a fresh idea.,CAG
350,Your creativity is always refreshing.,CAG
351,You always have a distinctive take.,CAG
352,Your ideas are always original.,CAG
353,You always take a fresh approach.,CAG
354,Your enthusiasm always shines.,CAG
355,You always bring a unique flair.,CAG
356,Your ideas are always distinctive.,CAG
357,You always have a refreshing take.,CAG
358,Your creativity is always boundless.,CAG
359,You always bring fresh perspectives.,CAG
360,Your passion is always clear.,CAG
361,You always have a unique approach.,CAG
362,Your ideas are always innovative.,CAG
363,You always bring something distinctive.,CAG
364,Your enthusiasm is always inspiring.,CAG
365,You always bring a new twist.,CAG
366,Your creativity is always evident.,CAG
367,You always have a bold take.,CAG
368,Your ideas are always refreshing.,CAG
369,You always bring something unique.,CAG
370,Your passion is always apparent.,CAG
371,You always have a fresh angle.,CAG
372,Your creativity always shines.,CAG
373,You always bring fresh ideas.,CAG
374,Your enthusiasm is always clear.,CAG
375,You always have a bold approach.,CAG
376,Your ideas are always innovative.,CAG
377,You always bring a unique perspective.,CAG
378,Your passion always shows.,CAG
379,You always bring a fresh idea.,CAG
380,Your creativity is always refreshing.,CAG
381,You always have a distinctive take.,CAG
382,Your ideas are always original.,CAG
383,You always take a fresh approach.,CAG
384,Your enthusiasm always shines.,CAG
385,You always bring a unique flair.,CAG
386,Your ideas are always distinctive.,CAG
387,You always have a refreshing take.,CAG
388,Your creativity is always boundless.,CAG
389,You always bring fresh perspectives.,CAG
390,Your passion is always clear.,CAG
391,You always have a unique approach.,CAG
392,Your ideas are always innovative.,CAG
393,You always bring something distinctive.,CAG
394,Your enthusiasm is always inspiring.,CAG
395,You always bring a new twist.,CAG
396,Your creativity is always evident.,CAG
397,You always have a bold take.,CAG
398,Your ideas are always refreshing.,CAG
399,You always bring something unique.,CAG
400,Your passion is always apparent.,CAG
401,You always have a fresh angle.,CAG
402,Your creativity always shines.,CAG
403,You always bring fresh ideas.,CAG
404,Your enthusiasm is always clear.,CAG
405,You always have a bold approach.,CAG
406,Your ideas are always innovative.,CAG
407,You always bring a unique perspective.,CAG
408,Your passion always shows.,CAG
409,You always bring a fresh idea.,CAG
410,Your creativity is always refreshing.,CAG
411,You always have a distinctive take.,CAG
412,Your ideas are always original.,CAG
413,You always take a fresh approach.,CAG
414,Your enthusiasm always shines.,CAG
415,You always bring a unique flair.,CAG
416,Your ideas are always distinctive.,CAG
417,You always have a refreshing take.,CAG
418,Your creativity is always boundless.,CAG
419,You always bring fresh perspectives.,CAG
420,Your passion is always clear.,CAG
421,You always have a unique approach.,CAG
422,Your ideas are always innovative.,CAG
423,You always bring something distinctive.,CAG
424,Your enthusiasm is always inspiring.,CAG
425,You always bring a new twist.,CAG
426,Your creativity is always evident.,CAG
427,You always have a bold take.,CAG
428,Your ideas are always refreshing.,CAG
429,You always bring something unique.,CAG
430,Your passion is always apparent.,CAG
431,You always have a fresh angle.,CAG
432,Your creativity always shines.,CAG
433,You always bring fresh ideas.,CAG
434,Your enthusiasm is always clear.,CAG
435,You always have a bold approach.,CAG
436,Your ideas are always innovative.,CAG
437,You always bring a unique perspective.,CAG
438,Your passion always shows.,CAG
439,You always bring a fresh idea.,CAG
440,Your creativity is always refreshing.,CAG
441,You always have a distinctive take.,CAG
442,Your ideas are always original.,CAG
443,You always take a fresh approach.,CAG
444,Your enthusiasm always shines.,CAG
445,You always bring a unique flair.,CAG
446,Your ideas are always distinctive.,CAG
447,You always have a refreshing take.,CAG
448,Your creativity is always boundless.,CAG
449,You always bring fresh perspectives.,CAG
450,Your passion is always clear.,CAG
451,You always have a unique approach.,CAG
452,Your ideas are always innovative.,CAG
453,You always bring something distinctive.,CAG
454,Your enthusiasm is always inspiring.,CAG
455,You always bring a new twist.,CAG
456,Your creativity is always evident.,CAG
457,You always have a bold take.,CAG
458,Your ideas are always refreshing.,CAG
459,You always bring something unique.,CAG
460,Your passion is always apparent.,CAG
461,You always have a fresh angle.,CAG
462,Your creativity always shines.,CAG
463,You always bring fresh ideas.,CAG
464,Your enthusiasm is always clear.,CAG
465,You always have a bold approach.,CAG
466,Your ideas are always innovative.,CAG
467,You always bring a unique perspective.,CAG
468,Your passion always shows.,CAG
469,You always bring a fresh idea.,CAG
470,Your creativity is always refreshing.,CAG
471,You always have a distinctive take.,CAG
472,Your ideas are always original.,CAG
473,You always take a fresh approach.,CAG
474,Your enthusiasm always shines.,CAG
475,You always bring a unique flair.,CAG
476,Your ideas are always distinctive.,CAG
477,You always have a refreshing take.,CAG
478,Your creativity is always boundless.,CAG
479,You always bring fresh perspectives.,CAG
480,Your passion is always clear.,CAG
481,You always have a unique approach.,CAG
482,Your ideas are always innovative.,CAG
483,You always bring something distinctive.,CAG
484,Your enthusiasm is always inspiring.,CAG
485,You always bring a new twist.,CAG
486,Your creativity is always evident.,CAG
487,You always have a bold take.,CAG
488,Your ideas are always refreshing.,CAG
489,You always bring something unique.,CAG
490,Your passion is always apparent.,CAG
491,You always have a fresh angle.,CAG
492,Your creativity always shines.,CAG
493,You always bring fresh ideas.,CAG
494,Your enthusiasm is always clear.,CAG
495,You always have a bold approach.,CAG
496,Your ideas are always innovative.,CAG
497,You always bring a unique perspective.,CAG
498,Your passion always shows.,CAG
499,You always bring a fresh idea.,CAG
500,Your creativity is always refreshing.,CAG
501,You always have a distinctive take.,CAG
502,Your ideas are always original.,CAG
503,You always take a fresh approach.,CAG
504,Your enthusiasm always shines.,CAG
505,You always bring a unique flair.,CAG
506,Your ideas are always distinctive.,CAG
507,You always have a refreshing take.,CAG
508,Your creativity is always boundless.,CAG
509,You always bring fresh perspectives.,CAG
510,Your passion is always clear.,CAG
511,You always have a unique approach.,CAG
512,Your ideas are always innovative.,CAG
513,You always bring something distinctive.,CAG
514,Your enthusiasm is always inspiring.,CAG
515,You always bring a new twist.,CAG
516,Your creativity is always evident.,CAG
517,You always have a bold take.,CAG
518,Your ideas are always refreshing.,CAG
519,You always bring something unique.,CAG
520,Your passion is always apparent.,CAG
521,You always have a fresh angle.,CAG
522,Your creativity always shines.,CAG
523,You always bring fresh ideas.,CAG
524,Your enthusiasm is always clear.,CAG
525,You always have a bold approach.,CAG
526,Your ideas are always innovative.,CAG
527,You always bring a unique perspective.,CAG
528,Your passion always shows.,CAG
529,You always bring a fresh idea.,CAG
530,Your creativity is always refreshing.,CAG
531,You always have a distinctive take.,CAG
532,Your ideas are always original.,CAG
533,You always take a fresh approach.,CAG
534,Your enthusiasm always shines.,CAG
535,You always bring a unique flair.,CAG
536,Your ideas are always distinctive.,CAG
537,You always have a refreshing take.,CAG
538,Your creativity is always boundless.,CAG
539,You always bring fresh perspectives.,CAG
540,Your passion is always clear.,CAG
541,You always have a unique approach.,CAG
542,Your ideas are always innovative.,CAG
543,You always bring something distinctive.,CAG
544,Your enthusiasm is always inspiring.,CAG
545,You always bring a new twist.,CAG
546,Your creativity is always evident.,CAG
547,You always have a bold take.,CAG
548,Your ideas are always refreshing.,CAG
549,You always bring something unique.,CAG
550,Your passion is always apparent.,CAG
551,You always have a fresh angle.,CAG
552,Your creativity always shines.,CAG
553,You always bring fresh ideas.,CAG
554,Your enthusiasm is always clear.,CAG
555,You always have a bold approach.,CAG
556,Your ideas are always innovative.,CAG
557,You always bring a unique perspective.,CAG
558,Your passion always shows.,CAG
559,You always bring a fresh idea.,CAG
560,Your creativity is always refreshing.,CAG
561,You always have a distinctive take.,CAG
562,Your ideas are always original.,CAG
563,You always take a fresh approach.,CAG
564,Your enthusiasm always shines.,CAG
565,You always bring a unique flair.,CAG
566,Your ideas are always distinctive.,CAG
567,You always have a refreshing take.,CAG
568,Your creativity is always boundless.,CAG
569,You always bring fresh perspectives.,CAG
570,Your passion is always clear.,CAG
571,You always have a unique approach.,CAG
572,Your ideas are always innovative.,CAG
573,You always bring something distinctive.,CAG
574,Your enthusiasm is always inspiring.,CAG
575,You always bring a new twist.,CAG
576,Your creativity is always evident.,CAG
577,You always have a bold take.,CAG
578,Your ideas are always refreshing.,CAG
579,You always bring something unique.,CAG
580,Your passion is always apparent.,CAG
581,You always have a fresh angle.,CAG
582,Your creativity always shines.,CAG
583,You always bring fresh ideas.,CAG
584,Your enthusiasm is always clear.,CAG
585,You always have a bold approach.,CAG
586,Your ideas are always innovative.,CAG
587,You always bring a unique perspective.,CAG
588,Your passion always shows.,CAG
589,You always bring a fresh idea.,CAG
590,Your creativity is always refreshing.,CAG
591,You always have a distinctive take.,CAG
592,Your ideas are always original.,CAG
593,You always take a fresh approach.,CAG
594,Your enthusiasm always shines.,CAG
595,You always bring a unique flair.,CAG
596,Your ideas are always distinctive.,CAG
597,You always have a refreshing take.,CAG
598,Your creativity is always boundless.,CAG
599,You always bring fresh perspectives.,CAG
600,Your passion is always clear.,CAG
601,You always have a unique approach.,CAG
602,Your ideas are always innovative.,CAG
603,You always bring something distinctive.,CAG
604,Your enthusiasm is always inspiring.,CAG
605,You always bring a new twist.,CAG
606,Your creativity is always evident.,CAG
607,You always have a bold take.,CAG
608,Your ideas are always refreshing.,CAG
609,You always bring something unique.,CAG
610,Your passion is always apparent.,CAG
611,You always have a fresh angle.,CAG
612,Your creativity always shines.,CAG
613,You always bring fresh ideas.,CAG
614,Your enthusiasm is always clear.,CAG
615,You always have a bold approach.,CAG
616,Your ideas are always innovative.,CAG
617,You always bring a unique perspective.,CAG
618,Your passion always shows.,CAG
619,You always bring a fresh idea.,CAG
620,Your creativity is always refreshing.,CAG
621,You always have a distinctive take.,CAG
622,Your ideas are always original.,CAG
623,You always take a fresh approach.,CAG
624,Your enthusiasm always shines.,CAG
625,You always bring a unique flair.,CAG
626,Your ideas are always distinctive.,CAG
627,You always have a refreshing take.,CAG
628,Your creativity is always boundless.,CAG
629,You always bring fresh perspectives.,CAG
630,Your passion is always clear.,CAG
631,You always have a unique approach.,CAG
632,Your ideas are always innovative.,CAG
633,You always bring something distinctive.,CAG
634,Your enthusiasm is always inspiring.,CAG
635,You always bring a new twist.,CAG
636,Your creativity is always evident.,CAG
637,You always have a bold take.,CAG
638,Your ideas are always refreshing.,CAG
639,You always bring something unique.,CAG
640,Your passion is always apparent.,CAG
641,You always have a fresh angle.,CAG
642,Your creativity always shines.,CAG
643,You always bring fresh ideas.,CAG
644,Your enthusiasm is always clear.,CAG
645,You always have a bold approach.,CAG
646,Your ideas are always innovative.,CAG
647,You always bring a unique perspective.,CAG
648,Your passion always shows.,CAG
649,You always bring a fresh idea.,CAG
650,Your creativity is always refreshing.,CAG
651,You always have a distinctive take.,CAG
652,Your ideas are always original.,CAG
653,You always take a fresh approach.,CAG
654,Your enthusiasm always shines.,CAG
655,You always bring a unique flair.,CAG
656,Your ideas are always distinctive.,CAG
657,You always have a refreshing take.,CAG
658,Your creativity is always boundless.,CAG
659,You always bring fresh perspectives.,CAG
660,Your passion is always clear.,CAG
661,You always have a unique approach.,CAG
662,Your ideas are always innovative.,CAG
663,You always bring something distinctive.,CAG
664,Your enthusiasm is always inspiring.,CAG
665,You always bring a new twist.,CAG
666,Your creativity is always evident.,CAG
667,You always have a bold take.,CAG
668,Your ideas are always refreshing.,CAG
669,You always bring something unique.,CAG
670,Your passion is always apparent.,CAG
671,You always have a fresh angle.,CAG
672,Your creativity always shines.,CAG
673,You always bring fresh ideas.,CAG
674,Your enthusiasm is always clear.,CAG
675,You always have a bold approach.,CAG
676,Your ideas are always innovative.,CAG
677,You always bring a unique perspective.,CAG
678,Your passion always shows.,CAG
679,You always bring a fresh idea.,CAG
680,Your creativity is always refreshing.,CAG
681,You always have a distinctive take.,CAG
682,Your ideas are always original.,CAG
683,You always take a fresh approach.,CAG
684,Your enthusiasm always shines.,CAG
685,You always bring a unique flair.,CAG
686,Your ideas are always distinctive.,CAG
687,You always have a refreshing take.,CAG
688,Your creativity is always boundless.,CAG
689,You always bring fresh perspectives.,CAG
690,Your passion is always clear.,CAG
691,You always have a unique approach.,CAG
692,Your ideas are always innovative.,CAG
693,You always bring something distinctive.,CAG
694,Your enthusiasm is always inspiring.,CAG
695,You always bring a new twist.,CAG
696,Your creativity is always evident.,CAG
697,You always have a bold take.,CAG
698,Your ideas are always refreshing.,CAG
699,You always bring something unique.,CAG
700,Your passion is always apparent.,CAG
701,You always have a fresh angle.,CAG
702,Your creativity always shines.,CAG
703,You always bring fresh ideas.,CAG
704,Your enthusiasm is always clear.,CAG
705,You always have a bold approach.,CAG
706,Your ideas are always innovative.,CAG
707,You always bring a unique perspective.,CAG
708,Your passion always shows.,CAG
709,You always bring a fresh idea.,CAG
710,Your creativity is always refreshing.,CAG
711,You always have a distinctive take.,CAG
712,Your ideas are always original.,CAG
713,You always take a fresh approach.,CAG
714,Your enthusiasm always shines.,CAG
715,You always bring a unique flair.,CAG
716,Your ideas are always distinctive.,CAG
717,You always have a refreshing take.,CAG
718,Your creativity is always boundless.,CAG
719,You always bring fresh perspectives.,CAG
720,Your passion is always clear.,CAG
721,You always have a unique approach.,CAG
722,Your ideas are always innovative.,CAG
723,You always bring something distinctive.,CAG
724,Your enthusiasm is always inspiring.,CAG
725,You always bring a new twist.,CAG
726,Your creativity is always evident.,CAG
727,You always have a bold take.,CAG
728,Your ideas are always refreshing.,CAG
729,You always bring something unique.,CAG
730,Your passion is always apparent.,CAG
731,You always have a fresh angle.,CAG
732,Your creativity always shines.,CAG
733,You always bring fresh ideas.,CAG
734,Your enthusiasm is always clear.,CAG
735,You always have a bold approach.,CAG
736,Your ideas are always innovative.,CAG
737,You always bring a unique perspective.,CAG
738,Your passion always shows.,CAG
739,You always bring a fresh idea.,CAG
740,Your creativity is always refreshing.,CAG
741,You always have a distinctive take.,CAG
742,Your ideas are always original.,CAG
743,You always take a fresh approach.,CAG
744,Your enthusiasm always shines.,CAG
745,You always bring a unique flair.,CAG
746,Your ideas are always distinctive.,CAG
747,You always have a refreshing take.,CAG
748,Your creativity is always boundless.,CAG
749,You always bring fresh perspectives.,CAG
750,Your passion is always clear.,CAG
751,You always have a unique approach.,CAG
752,Your ideas are always innovative.,CAG
753,You always bring something distinctive.,CAG
754,Your enthusiasm is always inspiring.,CAG
755,You always bring a new twist.,CAG
756,Your creativity is always evident.,CAG
757,You always have a bold take.,CAG
758,Your ideas are always refreshing.,CAG
759,You always bring something unique.,CAG
760,Your passion is always apparent.,CAG
761,You always have a fresh angle.,CAG
762,Your creativity always shines.,CAG
763,You always bring fresh ideas.,CAG
764,Your enthusiasm is always clear.,CAG
765,You always have a bold approach.,CAG
766,Your ideas are always innovative.,CAG
767,You always bring a unique perspective.,CAG
768,Your passion always shows.,CAG
769,You always bring a fresh idea.,CAG
770,Your creativity is always refreshing.,CAG
771,You always have a distinctive take.,CAG
772,Your ideas are always original.,CAG
773,You always take a fresh approach.,CAG
774,Your enthusiasm always shines.,CAG
775,You always bring a unique flair.,CAG
776,Your ideas are always distinctive.,CAG
777,You always have a refreshing take.,CAG
778,Your creativity is always boundless.,CAG
779,You always bring fresh perspectives.,CAG
780,Your passion is always clear.,CAG
781,You always have a unique approach.,CAG
782,Your ideas are always innovative.,CAG
783,You always bring something distinctive.,CAG
784,Your enthusiasm is always inspiring.,CAG
785,You always bring a new twist.,CAG
786,Your creativity is always evident.,CAG
787,You always have a bold take.,CAG
788,Your ideas are always refreshing.,CAG
789,You always bring something unique.,CAG
790,Your passion is always apparent.,CAG
791,You always have a fresh angle.,CAG
792,Your creativity always shines.,CAG
793,You always bring fresh ideas.,CAG
794,Your enthusiasm is always clear.,CAG
795,You always have a bold approach.,CAG
796,Your ideas are always innovative.,CAG
797,You always bring a unique perspective.,CAG
798,Your passion always shows.,CAG
799,You always bring a fresh idea.,CAG
800,Your creativity is always refreshing.,CAG
801,You always have a distinctive take.,CAG
802,Your ideas are always original.,CAG
803,You always take a fresh approach.,CAG
804,Your enthusiasm always shines.,CAG
805,You always bring a unique flair.,CAG
806,Your ideas are always distinctive.,CAG
807,You always have a refreshing take.,CAG
808,Your creativity is always boundless.,CAG
809,You always bring fresh perspectives.,CAG
810,Your passion is always clear.,CAG
811,You always have a unique approach.,CAG
812,Your ideas are always innovative.,CAG
813,You always bring something distinctive.,CAG
814,Your enthusiasm is always inspiring.,CAG
815,You always bring a new twist.,CAG
816,Your creativity is always evident.,CAG
817,You always have a bold take.,CAG
818,Your ideas are always refreshing.,CAG
819,You always bring something unique.,CAG
820,Your passion is always apparent.,CAG
821,You always have a fresh angle.,CAG
822,Your creativity always shines.,CAG
823,You always bring fresh ideas.,CAG
824,Your enthusiasm is always clear.,CAG
825,You always have a bold approach.,CAG
826,Your ideas are always innovative.,CAG
827,You always bring a unique perspective.,CAG
828,Your passion always shows.,CAG
829,You always bring a fresh idea.,CAG
830,Your creativity is always refreshing.,CAG
831,You always have a distinctive take.,CAG
832,Your ideas are always original.,CAG
833,You always take a fresh approach.,CAG
834,Your enthusiasm always shines.,CAG
835,You always bring a unique flair.,CAG
836,Your ideas are always distinctive.,CAG
837,You always have a refreshing take.,CAG
838,Your creativity is always boundless.,CAG
839,You always bring fresh perspectives.,CAG
840,Your passion is always clear.,CAG
841,You always have a unique approach.,CAG
842,Your ideas are always innovative.,CAG
843,You always bring something distinctive.,CAG
844,Your enthusiasm is always inspiring.,CAG
845,You always bring a new twist.,CAG
846,Your creativity is always evident.,CAG
847,You always have a bold take.,CAG
848,Your ideas are always refreshing.,CAG
849,You always bring something unique.,CAG
850,Your passion is always apparent.,CAG
851,You always have a fresh angle.,CAG
852,Your creativity always shines.,CAG
853,You always bring fresh ideas.,CAG
854,Your enthusiasm is always clear.,CAG
855,You always have a bold approach.,CAG
856,Your ideas are always innovative.,CAG
857,You always bring a unique perspective.,CAG
858,Your passion always shows.,CAG
859,You always bring a fresh idea.,CAG
860,Your creativity is always refreshing.,CAG
861,You always have a distinctive take.,CAG
862,Your ideas are always original.,CAG
863,You always take a fresh approach.,CAG
864,Your enthusiasm always shines.,CAG
865,You always bring a unique flair.,CAG
866,Your ideas are always distinctive.,CAG
867,You always have a refreshing take.,CAG
868,Your creativity is always boundless.,CAG
869,You always bring fresh perspectives.,CAG
870,Your passion is always clear.,CAG
871,You always have a unique approach.,CAG
872,Your ideas are always innovative.,CAG
873,You always bring something distinctive.,CAG
874,Your enthusiasm is always inspiring.,CAG
875,You always bring a new twist.,CAG
876,Your creativity is always evident.,CAG
877,You always have a bold take.,CAG
878,Your ideas are always refreshing.,CAG
879,You always bring something unique.,CAG
880,Your passion is always apparent.,CAG
881,You always have a fresh angle.,CAG
882,Your creativity always shines.,CAG
883,You always bring fresh ideas.,CAG
884,Your enthusiasm is always clear.,CAG
885,You always have a bold approach.,CAG
886,Your ideas are always innovative.,CAG
887,You always bring a unique perspective.,CAG
888,Your passion always shows.,CAG
889,You always bring a fresh idea.,CAG
890,Your creativity is always refreshing.,CAG
891,You always have a distinctive take.,CAG
892,Your ideas are always original.,CAG
893,You always take a fresh approach.,CAG
894,Your enthusiasm always shines.,CAG
895,You always bring a unique flair.,CAG
896,Your ideas are always distinctive.,CAG
897,You always have a refreshing take.,CAG
898,Your creativity is always boundless.,CAG
899,You always bring fresh perspectives.,CAG
900,Your passion is always clear.,CAG
901,You always have a unique approach.,CAG
902,Your ideas are always innovative.,CAG
903,You always bring something distinctive.,CAG
904,Your enthusiasm is always inspiring.,CAG
905,You always bring a new twist.,CAG
906,Your creativity is always evident.,CAG
907,You always have a bold take.,CAG
908,Your ideas are always refreshing.,CAG
909,You always bring something unique.,CAG
910,Your passion is always apparent.,CAG
911,You always have a fresh angle.,CAG
912,Your creativity always shines.,CAG
913,You always bring fresh ideas.,CAG
914,Your enthusiasm is always clear.,CAG
915,You always have a bold approach.,CAG
916,Your ideas are always innovative.,CAG
917,You always bring a unique perspective.,CAG
918,Your passion always shows.,CAG
919,You always bring a fresh idea.,CAG
920,Your creativity is always refreshing.,CAG
921,You always have a distinctive take.,CAG
922,Your ideas are always original.,CAG
923,You always take a fresh approach.,CAG
924,Your enthusiasm always shines.,CAG
925,You always bring a unique flair.,CAG
926,Your ideas are always distinctive.,CAG
927,You always have a refreshing take.,CAG
928,Your creativity is always boundless.,CAG
929,You always bring fresh perspectives.,CAG
930,Your passion is always clear.,CAG
931,You always have a unique approach.,CAG
932,Your ideas are always innovative.,CAG
933,You always bring something distinctive.,CAG
934,Your enthusiasm is always inspiring.,CAG
935,You always bring a new twist.,CAG
936,Your creativity is always evident.,CAG
937,You always have a bold take.,CAG
938,Your ideas are always refreshing.,CAG
939,You always bring something unique.,CAG
940,Your passion is always apparent.,CAG
941,You always have a fresh angle.,CAG
942,Your creativity always shines.,CAG
943,You always bring fresh ideas.,CAG
944,Your enthusiasm is always clear.,CAG
945,You always have a bold approach.,CAG
946,Your ideas are always innovative.,CAG
947,You always bring a unique perspective.,CAG
948,Your passion always shows.,CAG
949,You always bring a fresh idea.,CAG
950,Your creativity is always refreshing.,CAG
951,You always have a distinctive take.,CAG
952,Your ideas are always original.,CAG
953,You always take a fresh approach.,CAG
954,Your enthusiasm always shines.,CAG
955,You always bring a unique flair.,CAG
956,Your ideas are always distinctive.,CAG
957,You always have a refreshing take.,CAG
958,Your creativity is always boundless.,CAG
959,You always bring fresh perspectives.,CAG
960,Your passion is always clear.,CAG
961,You always have a unique approach.,CAG
962,Your ideas are always innovative.,CAG
963,You always bring something distinctive.,CAG
964,Your enthusiasm is always inspiring.,CAG
965,You always bring a new twist.,CAG
966,Your creativity is always evident.,CAG
967,You always have a bold take.,CAG
968,Your ideas are always refreshing.,CAG
969,You always bring something unique.,CAG
970,Your passion is always apparent.,CAG
971,You always have a fresh angle.,CAG
972,Your creativity always shines.,CAG
973,You always bring fresh ideas.,CAG
974,Your enthusiasm is always clear.,CAG
975,You always have a bold approach.,CAG
976,Your ideas are always innovative.,CAG
977,You always bring a unique perspective.,CAG
978,Your passion always shows.,CAG
979,You always bring a fresh idea.,CAG
980,Your creativity is always refreshing.,CAG
981,You always have a distinctive take.,CAG
982,Your ideas are always original.,CAG
983,You always take a fresh approach.,CAG
984,Your enthusiasm always shines.,CAG
985,You always bring a unique flair.,CAG
986,Your ideas are always distinctive.,CAG
987,You always have a refreshing take.,CAG
988,Your creativity is always boundless.,CAG
989,You always bring fresh perspectives.,CAG
990,Your passion is always clear.,CAG
991,You always have a unique approach.,CAG
992,Your ideas are always innovative.,CAG
993,You always bring something distinctive.,CAG
994,Your enthusiasm is always inspiring.,CAG
995,You always bring a new twist.,CAG
996,Your creativity is always evident.,CAG
997,You always have a bold take.,CAG
998,Your ideas are always refreshing.,CAG
999,You always bring something unique.,CAG
1000,Your passion is always apparent.,CAG
